Question,Answer
"What is your name?","My name is CHANAKYA"
"What is MOSDAC?","MOSDAC is the short form of Meteorological and Oceanographic Satellite Data Archival Center. It is an ISRO data portal which provides data through its web-based service https://mosdac.gov.in"
"How to be a registered user of MOSDAC?","There is a ""SignUp"" form available on MOSDAC portal. Please fill up the form and submit. You will be intimated through e-mail about the approval."
"I have registered on MOSDAC. I have received an email for email verification. But when I click the link, I get error message.","Please copy the Email verification Hyperlink sent on your registered email id and paste it in a new browser window/tab and open the link to verify your email address."
"I have received a 'reset password mail'. But when I click the link, I get error message.","Please copy the 'Reset Password Hyperlink' sent on your registered email id and paste it in a new browser window/tab and open the link to reset password."
"I get error 'Invalid username or password' even though I provide correct credentials.","Your account is locked for one hour after 3 unsuccessful login attempts. Please try after one hour."
"How to know forgot password?","Click Forgot Password link on MOSDAC Login Page. Enter username or email. If valid username/email is entered, user will get an email containing 'Reset Password Hyperlink'. Please copy 'Reset Password Hyperlink' and paste it in new browser window/tab and open the link and follow the procedure to reset password."
"How to change password?","Login with your user name and password. Select 'Change Profile'. Your Profile page will be displayed. Select 'Password' from the left panel of Profile Page. Provide old and new password and click save. Your password will be changed."
"I don't have username and password of MOSDAC. Can I download data?","Anonymous users (without username and password) can download only open data. In order to download all data from MOSDAC, you need to register on MOSDAC site. There is a ""SignUp"" form available on MOSDAC portal. Please fill up the form properly and submit. You will be intimated through e-mail about the approval."
"How can I get near real time data without data ordering?","If you want near real time data, you can place ""standing order"" from MOSDAC for Satellite data product/in-situ. Login to MOSDAC site and place standing order. A standing order can be placed for a maximum one month duration. After that you can again place the request. This functionality is available for privileged user only."
"How in-situ data can be ordered/requested?","You are required to be a registered user for ordering the data. Be a registered user by filling up online form. Login to MOSDAC site. Select either ""In-situ data order"". Select the data of your interest. Place the order. Sign the agreement. A download link will be provided. After clicking here data will be downloaded on your desk through http."
"How Ordered and download the satellite data?","You are required to be a registered user for ordering the data. Be a registered user by filling up Sign Up form available on the home page. Login to MOSDAC site with user credentials. Select ""Satellite data order"". Select the data of your interest. Add to cart. Submit the request. You will be given a request id no. You will be intimated through mail about readiness of your data. You can also check status of your request from left menu under ""My request"" tab. Your requested data will be uploaded to your SFTP account at sftp://ftp.mosdac.gov.in. You can download data from sftp://ftp.mosdac.gov.in using your MOSDAC portal user credentials."
"Which duration data can be obtained from MOSDAC?","To view availability of data select ""Catalog --> Satellite data"" from top menu bar. All data products list of a satellite will be displayed, which contains details of the data products viz: abstract, start date, end date, frequency etc."
"How many AWS are installed in each state of India?","Select ""Catalog --> In-situ --> distribution"" from top menu bar, AWS distribution map and number of AWS installed in each state of India will be displayed."
"Which duration data is available for AWS?","AWS data is available from January 2008 till present date."
"How to get description about a data product?","Select ""Catalog --> Satellite data"" from top menu bar. All data products list of a satellite will be displayed, which contains details of the data products viz: abstract, start date, end date, frequency etc."
"What datasets are available on MOSDAC?","Select ""Catalog --> Satellite data"" from top menu bar. All data products list of a satellite will be displayed. You can change the satellite to view data products of selected satellite. Select ""Catalog --> In-situ --> distribution"" from top menu bar. All In-situ list will be displayed for which MOSDAC has datasets."
"I am a registered user of MOSDAC. When I download L1 data I get the message ""Your account is configured to download this data with latency of 3 days. Please select date accordingly."" How should I download data?","There are two categories of users in MOSDAC, NRT users and General users. NRT users have access to real time data. General users are provided access Level-2 and onwards data in NRT and Level-1 data with a latency of 3 days. This message implies that the data product requested by you can't be downloaded in near real time. You can download 3 days old data or you can contact MOSDAC admin if you want near real time data."
"What is MOSDAC?","MOSDAC stands for Meteorological and Oceanographic Satellite Data Archival Centre. It is an ISRO portal providing satellite and in-situ data services related to meteorology and oceanography."
"Where is the MOSDAC office located?","The MOSDAC office is located at the Space Applications Centre (SAC), Ahmedabad, Gujarat, India."
"How can I register on MOSDAC?","You can register by filling out the SignUp form available on the MOSDAC portal. After submission, approval will be notified via email."
"What types of satellite data are available on MOSDAC?","MOSDAC provides data from meteorological satellites such as INSAT series, Oceansat, SCATSAT, and other oceanographic missions."
"Is registration mandatory to download MOSDAC data?","Anonymous users can download only open data. Full access to all datasets requires registration."
"How do I reset my MOSDAC password?","Click the ""Forgot Password"" link on the login page, enter your registered email, and follow the instructions sent to your inbox."
"What is a standing order in MOSDAC?","A standing order is a subscription service that delivers near real-time satellite or in-situ data for a specified duration, up to one month."
"How can I place a data order on MOSDAC?","After logging in, select the desired data product and add it to the cart. Submit the order request, and you will receive a request ID and status updates via email."
"What file formats are available for MOSDAC data?","Data is typically provided in standard formats like NetCDF, HDF, ASCII, and sometimes CSV or TIFF depending on the product."
"How often is MOSDAC data updated?","Data updates depend on satellite passes and product type. Near real-time data is available for privileged users; general users get data with some latency."
"What is the difference between privileged and general users?","Privileged users have access to near real-time data and advanced services; general users access Level-2 data with typical latency."
"How do I verify my email after registration?","You receive an email with a verification link. Copy and paste this link in your browser to complete email verification."
"Can I access MOSDAC data through APIs?","Currently, MOSDAC provides web-based data services; API access is limited or under development."
"What are In-situ data products on MOSDAC?","In-situ data includes measurements from weather stations, ocean buoys, and other ground or sea-based sensors."
"How many Automatic Weather Stations (AWS) are covered by MOSDAC?","MOSDAC archives data from several AWS across India, with distribution maps available on the portal."
"What is the latency of Level-1 data on MOSDAC?","Level-1 data typically has a latency of about 3 days for general users."
"Can I download data without placing an order?","Open data can be downloaded without orders; however, many datasets require placing an order and registration."
"What is the process to change my MOSDAC profile password?","Log in, navigate to 'Change Profile', select 'Password', enter old and new passwords, and save changes."
"What are the satellite missions supported by MOSDAC?","MOSDAC supports missions such as INSAT-3D, INSAT-3DR, Oceansat-2, SCATSAT-1, and others."
"Is there a fee for accessing MOSDAC data?","Most data on MOSDAC is freely accessible to registered users; some specific services may have restrictions."
"How do I track my data request status?","Log in and check the 'My Request' tab to view status updates for your data orders."
"What is the SFTP service in MOSDAC?","Data ordered is uploaded to a secure FTP server (SFTP), accessible with your MOSDAC credentials."
"Can I download bulk data from MOSDAC?","Yes, bulk downloads are supported via standing orders or batch requests through the portal."
"What is the data catalog in MOSDAC?","The data catalog lists all available satellite and in-situ data products with metadata like abstract, frequency, and date ranges."
"How do I get help if I face issues on MOSDAC?","Use the contact/support section on the MOSDAC portal or email the support team for assistance."
"Can I use MOSDAC data for commercial purposes?","Data usage policies vary; please consult ISRO/MOSDAC licensing terms before commercial use."
"What is the difference between satellite and in-situ data?","Satellite data is remotely sensed from orbit, while in-situ data is collected on the ground or ocean."
"How is MOSDAC data quality ensured?","Data goes through calibration, validation, and quality checks before being released."
"How can I download data products of a specific satellite?","Use the 'Catalog --> Satellite data' menu to select a satellite and view/download its products."
"What are the metadata tags available in MOSDAC data?","Metadata includes details like acquisition time, sensor type, geographic coverage, and data quality indicators."
"Can I subscribe to notifications about new data releases?","Yes, users can subscribe to alerts and notifications through their MOSDAC account settings."
"What tools are recommended for processing MOSDAC data?","Tools like Python, MATLAB, and GIS software (QGIS, ArcGIS) are commonly used."
"How large are MOSDAC datasets typically?","Dataset size varies widely, from a few MBs for simple products to several GBs for comprehensive archives."
"What is the primary use of MOSDAC data?","MOSDAC data supports weather forecasting, climate research, ocean studies, and disaster management."
"Can I integrate MOSDAC data into my applications?","Yes, data can be integrated via downloads and processing; API support may be limited."
"How to order in-situ data on MOSDAC?","Registered users can order in-situ data by selecting the 'In-situ data order' option and submitting a request."
"Are historical data archives available on MOSDAC?","Yes, MOSDAC archives data dating back several years depending on the satellite and sensor."
"What is the minimum system requirement to use MOSDAC services?","A modern web browser and internet connection are required; data processing requires sufficient storage and computing power."
"How to report errors or discrepancies in MOSDAC data?","Contact support via the portal or email with details of the issue."
"Can MOSDAC data be used for academic research?","Yes, MOSDAC data is widely used in academic and research institutions."
"How do I get training on using MOSDAC data?","ISRO periodically conducts workshops and training sessions; announcements are posted on the MOSDAC site."
"Are there any user manuals for MOSDAC?","User manuals and documentation are available for download on the portal."
"What is the frequency of data update for AWS?","AWS data is updated daily, with archives from January 2008 to present."
"Can I download data for specific geographic regions?","Yes, many products allow geographic subsetting during data ordering."
"Is there a mobile app for MOSDAC?","Currently, there is no official mobile app; the portal is accessible via mobile browsers."
"How do I cancel a data order?","Contact MOSDAC support as soon as possible to request cancellation."
"What security measures protect my MOSDAC account?","MOSDAC uses secure login protocols, password policies, and encrypted data transfers."
"Can I download sample data before registering?","Some sample/open datasets are available without registration."
"What is the supported browser list for MOSDAC?","MOSDAC supports modern browsers like Chrome, Firefox, Edge, and Safari."
"How do I know the validity of my MOSDAC account?","Accounts remain valid unless deactivated; check your profile status on login."
"Can I reset my password multiple times?","Yes, password resets can be requested multiple times as needed."
"What are the data download limits?","Limits depend on user category; privileged users have higher bandwidth and quota."
"How do I update my contact details in MOSDAC?","Update profile settings after login to change contact info."
"What file compression formats are used?","Data is often compressed using ZIP or TAR formats for efficient transfer."
"What is the data access policy of MOSDAC?","MOSDAC data is governed by ISRO’s data sharing and usage policies."
"How do I provide feedback on MOSDAC services?","Feedback forms and contact emails are available on the portal."
"Can I share my MOSDAC account credentials?","No, account sharing is prohibited per MOSDAC terms of use."
"What is the procedure for account deactivation?","Request account deactivation through support with valid reasons."
"How do I access near real-time data?","Place standing orders or be a privileged user for near real-time data access."
"What geographic areas does MOSDAC cover?","MOSDAC covers the Indian region and surrounding oceanic areas."
"Are there tutorials for MOSDAC data visualization?","Yes, tutorials and example scripts are available on the MOSDAC website."
"What is the data retention period?","Data retention depends on the satellite mission but generally covers several years."
"How can I participate in MOSDAC user forums?","Check the MOSDAC portal for community or forum links."
"Can I get alerts for satellite data anomalies?","Subscribe to notifications or contact support for alert services."
"Is user support available 24/7?","Support hours are typically during working days; check portal for timings."
"What is the typical response time for support queries?","Responses generally occur within 1-3 business days."
"Can I request custom data processing?","Custom services may be available upon request; contact MOSDAC support."
"What programming languages are best for MOSDAC data?","Python and MATLAB are popular for data analysis and visualization."
"How to cite MOSDAC data in research?","Use citation formats provided in the data documentation or on the MOSDAC site."
"Are there restrictions on data redistribution?","Redistribution is subject to ISRO/MOSDAC licensing terms."
"What is the backup policy for MOSDAC data?","Data backups are maintained to ensure availability and integrity."
"How do I troubleshoot login issues?","Ensure correct credentials, check email verification, and clear browser cache."
"Can I download data using FTP clients?","Yes, MOSDAC supports data download via SFTP using user credentials."
"What are the supported data access protocols?","HTTP, HTTPS, and SFTP are supported for data transfer."
"How is data quality flagged in MOSDAC?","Quality flags and metadata describe data validity and processing level."
"What training materials are available for MOSDAC users?","User guides, FAQs, and video tutorials are provided."
"Can I automate data downloads?","Automation is possible via scripts using SFTP or HTTP downloads."
"What are the future plans for MOSDAC?","Enhancements include API support, mobile apps, and expanded datasets."
"Is there a newsletter for MOSDAC updates?","Yes, subscribe via the MOSDAC portal to receive newsletters."
"How do I change my registered email address?","Contact support to update email information."
"What is the MOSDAC helpdesk contact?","Contact details are listed on the portal’s support page."
"Can I download data for research projects?","Yes, data is available for legitimate research purposes."
"Are weather alerts provided by MOSDAC?","MOSDAC primarily archives data; real-time alerts may be available via related services."
"How do I access historical satellite images?","Historical data is accessible through the catalog and archive sections."
"What licenses apply to MOSDAC data?","Data is generally under open government licenses; verify specific product licenses."
"How often is the MOSDAC portal maintained?","Maintenance is scheduled with notices posted in advance."
"Can I participate in MOSDAC beta testing?","Opportunities may be announced on the portal or via newsletters."
"What training courses does ISRO offer related to MOSDAC?","ISRO offers specialized courses periodically; check their training calendar."
"How do I submit a feature request?","Submit requests via the feedback or contact forms."
"Is data encryption used during transfers?","Yes, HTTPS and SFTP protocols ensure encrypted data transmission."
"What are the common error messages on MOSDAC?","Errors include login failures, verification issues, and data request errors."
"How do I resolve ""Invalid username or password"" errors?","Wait for account lockout to expire or reset your password."
"Are there mobile-friendly features on MOSDAC?","The website is mobile-responsive but not optimized for apps."
"What metadata standards does MOSDAC follow?","Standards include ISO 19115 and other geospatial metadata norms."
"How can I become a privileged user?","Contact MOSDAC administrators for eligibility and application procedures."
"What is the role of ISRO in MOSDAC?","ISRO develops, operates, and maintains MOSDAC as a data dissemination platform."
"Can I integrate MOSDAC data with GIS software?","Yes, data formats are compatible with common GIS tools."
"How do I find satellite overpass times?","Overpass information is available in satellite product metadata."
"What is the difference between Level-1 and Level-2 data?","Level-1 is raw calibrated data; Level-2 is processed geophysical parameters."
"Can I access oceanographic data via MOSDAC?","Yes, oceanographic satellite and in-situ data are included."
"How to get help with data interpretation?","Consult documentation, attend training, or contact support."
"What are the data policy updates?","Policy changes are announced on the MOSDAC portal."
"How can I report bugs or technical issues?","Use the support contact form or email for reporting."
"Are there restrictions on international users?","Access policies may vary; check MOSDAC terms."
"Can I customize data download formats?","Format options depend on the product."
"How to subscribe to MOSDAC data feeds?","Subscription options are available via user accounts."
"What is the procedure for bulk data requests?","Contact support for bulk or research data requests."
"What data visualization tools are recommended?","Python libraries like matplotlib, seaborn, and GIS software are recommended."
"Can I share feedback anonymously?","Feedback can be submitted via forms; anonymity depends on the form settings."
"What is the recommended internet speed for downloading data?","A broadband connection of at least 10 Mbps is recommended for large data."
"How often is the FAQ updated?","FAQ updates coincide with new features or common user queries."
"What languages is the MOSDAC portal available in?","Currently, the portal is available only in English."
"What types of sensors are used on MOSDAC satellites?","MOSDAC satellites use sensors like radiometers, sounders, scatterometers, and imagers to capture meteorological and oceanographic data."
"How do I download data for a specific date range?","Use the catalog filters to select your desired date range before placing an order."
"What is the resolution of satellite data provided by MOSDAC?","Resolution varies by satellite and sensor, typically ranging from 1 km to 10 km spatial resolution."
"How are cloud images generated in MOSDAC?","Cloud images are processed from satellite imager data using radiometric calibration and image processing algorithms."
"Can I access SCATSAT-1 data on MOSDAC?","Yes, SCATSAT-1 scatterometer data is available for download after registration."
"What is the procedure for downloading satellite level-2 products?","Select the desired Level-2 product from the catalog, add to cart, and submit the order after login."
"Are there restrictions on data usage for educational purposes?","Data is generally free for educational use but must be properly cited as per ISRO guidelines."
"How do I check my MOSDAC account approval status?","Login to your account and check the dashboard for approval and account status notifications."
"Is there a limit on the number of data requests I can place?","Limits depend on user type; privileged users have higher quotas than general users."
"Can I access MOSDAC data offline?","Yes, once downloaded, data can be accessed offline using appropriate tools."
"What is the data refresh rate for INSAT-3D products?","INSAT-3D data is refreshed every 15 minutes for meteorological products."
"How can I get help with data format conversion?","Refer to MOSDAC user guides or contact support for assistance with data format conversion."
"Are there any tutorials for beginners on using MOSDAC data?","Yes, introductory tutorials and webinars are periodically available."
"What is the procedure to become a privileged user?","Apply via the MOSDAC portal or contact support for eligibility and approval."
"Can I access data from INSAT-3DR via MOSDAC?","Yes, INSAT-3DR mission data is available for registered users."
"How do I report discrepancies in satellite data products?","Use the support portal to report issues, providing product ID and detailed description."
"What types of oceanographic data are available?","MOSDAC provides sea surface temperature, ocean color, wave height, and wind vector data."
"What is the data latency for SCATSAT-1?","SCATSAT-1 data latency is typically 6 hours for privileged users."
"How do I update my profile information on MOSDAC?","Login and navigate to profile settings to update personal information."
"Are there any training sessions scheduled for MOSDAC users?","Check the announcements section on the MOSDAC portal for upcoming sessions."
"What are the main applications of MOSDAC data?","Applications include weather forecasting, disaster management, climate studies, and ocean monitoring."
"Is there a forum or community for MOSDAC users?","Currently, MOSDAC does not host a user forum but provides contact for support."
"How do I change my registered mobile number?","Contact MOSDAC support with verification details to update your mobile number."
"Can I download data for multiple satellites in one order?","Yes, you can add products from different satellites to your cart before checkout."
"What is the procedure for password recovery?","Use the 'Forgot Password' link and follow the instructions emailed to your registered address."
"Are there any user manuals specific to satellite missions?","Yes, detailed manuals for each satellite mission are available on the documentation page."
"How do I find metadata for a specific data product?","Metadata is available on the product page within the data catalog."
"What programming languages are compatible with MOSDAC data?","Python, R, MATLAB, and IDL are commonly used for data processing."
"What is the typical file size for INSAT-3D imagery?","File sizes vary but typically range from 100 MB to several GB per pass."
"Can I download real-time weather images from MOSDAC?","Near real-time images are available to privileged users via standing orders."
"How to subscribe to email alerts for data releases?","Subscribe via your user profile settings under notifications."
"Are there any restrictions on data sharing with third parties?","Data sharing is allowed within policy limits; commercial redistribution requires permission."
"What are the supported operating systems for MOSDAC data tools?","Windows, Linux, and macOS are supported for most analysis tools."
"Is there a REST API available for MOSDAC data access?","MOSDAC is working towards API availability; currently, no public REST API is offered."
"How do I generate custom reports from MOSDAC data?","Use data processing tools to analyze downloaded data and generate reports."
"What is the difference between Level-3 and Level-4 data products?","Level-3 data is gridded and processed; Level-4 is model assimilated or advanced derived products."
"Can I access data from the Oceansat-2 satellite?","Yes, Oceansat-2 data including ocean color products are available on MOSDAC."
"How do I obtain permission for commercial use of MOSDAC data?","Contact MOSDAC administration for licensing and permission procedures."
"What tools can be used for visualization of oceanographic data?","GIS software, Python libraries (matplotlib, seaborn), and specialized oceanography tools are used."
"How do I interpret quality flags in MOSDAC datasets?","Refer to dataset documentation for quality flag definitions and interpretation."
"Are there video tutorials for MOSDAC data analysis?","Some video tutorials are available on the MOSDAC website and ISRO's YouTube channel."
"What is the support contact email for MOSDAC?","Support contact details are available on the portal's support or contact page."
"Can I download data using command-line tools?","Yes, data can be accessed via SFTP and HTTP using command-line utilities like wget and curl."
"How do I verify data integrity after download?","Check file checksums and compare with values provided on MOSDAC."
"Are historical weather satellite images available?","Yes, MOSDAC archives images from past satellite missions."
"What is the update frequency for AWS data?","AWS data is updated daily and archived since 2008."
"Can I download satellite data products in GeoTIFF format?","Some products are available in GeoTIFF; check product specifications."
"Is it possible to request new data products?","Users can submit requests via feedback channels for new data products."
"What are the supported browsers for accessing MOSDAC?","Modern browsers like Chrome, Firefox, Edge, and Safari are supported."
"Can I access MOSDAC from outside India?","Yes, the portal is accessible globally with some restrictions based on data policies."
"What is the maximum size of a data download per request?","Limits vary by user category; large requests may require batch processing."
"How do I renew my MOSDAC user registration?","Registrations are generally permanent; contact support for issues."
"What is the typical processing time for data orders?","Processing times vary from minutes to hours depending on data volume."
"Are there any mobile notifications for MOSDAC updates?","Currently, notifications are email-based; mobile alerts are under development."
"How do I troubleshoot data download failures?","Check internet connectivity, credentials, and contact support if issues persist."
"Can I use MOSDAC data for disaster response planning?","Yes, MOSDAC data supports disaster monitoring and management."
"How can I get satellite overpass prediction?","Overpass schedules are available in mission documentation."
"What is the resolution of SCATSAT-1 data?","SCATSAT-1 scatterometer data has a spatial resolution of approximately 25 km."
"How can I access INSAT-3DR rainfall data?","Rainfall data is available under satellite data products after registration."
"What are the main meteorological parameters provided?","Parameters include temperature, humidity, wind speed, rainfall, and cloud cover."
"Is training available for data interpretation?","ISRO offers periodic workshops; check MOSDAC announcements."
"Can I download archived ocean wave data?","Yes, archived data is available for download after order."
"What are the common causes of login failure?","Incorrect credentials, account lockout, and email verification pending."
"Can I download data during system maintenance?","Data downloads may be unavailable during scheduled maintenance."
"What is the policy for data usage citation?","Proper citation of ISRO/MOSDAC is mandatory in publications."
"How is MOSDAC data backed up?","Regular backups are maintained to prevent data loss."
"Are there tutorials on using Python with MOSDAC data?","Several tutorials and example notebooks are provided online."
"How can I participate in MOSDAC user surveys?","Surveys are occasionally conducted via email invitations."
"Is there a sandbox environment for MOSDAC?","Currently, there is no sandbox, but demo data is available."
"What are the data transfer protocols supported?","HTTP, HTTPS, and SFTP protocols are supported."
"What is the expected downtime for MOSDAC services?","Downtime is minimized and notified in advance."
"Are there restrictions on large volume data downloads?","Limits exist; contact support for high volume requests."
"What is the MOSDAC portal URL?","https://mosdac.gov.in"
"How do I access archived satellite data?","Use the 'Archives' section on the portal to search and order historical data."
"What should I do if I forget my MOSDAC username?","Contact MOSDAC support with your registered email to retrieve your username."
"Is two-factor authentication available for MOSDAC?","Currently, MOSDAC does not support two-factor authentication."
"Can I request data for specific geographic coordinates?","Yes, geographic subsetting can be requested for many data products."
"How do I cite MOSDAC data in scientific papers?","Use the citation format provided in the data product documentation."
"What are the common file formats for MOSDAC data?","Common formats include NetCDF, HDF, GeoTIFF, and CSV."
"How to track my data orders?","Login to your account and check 'Order History' for status updates."
"Are there any user fees for MOSDAC data?","Most data is free for registered users; some premium services may incur fees."
"What types of satellite missions are covered by MOSDAC?","Meteorological, oceanographic, and environmental monitoring satellites."
"Is real-time data streaming supported?","Currently, MOSDAC supports near real-time data access for privileged users."
"How to update my account password?","Use the 'Change Password' option in your profile settings."
"Can I download data for multiple dates in one request?","Yes, the data catalog allows multi-date selections."
"What are the system requirements for MOSDAC data processing?","Requirements depend on data size; a modern PC with sufficient RAM and storage is recommended."
"How is MOSDAC data quality ensured?","Data undergoes calibration, validation, and quality checks by ISRO."
"What is the policy on data redistribution?","Redistribution is allowed with proper attribution and per ISRO policies."
"Are APIs planned for future MOSDAC releases?","API development is planned but not currently available."
"How to subscribe to MOSDAC newsletters?","Subscribe via the portal's newsletter signup section."
"Are there restrictions on account sharing?","Account sharing is prohibited by MOSDAC terms of use."
"How to contact MOSDAC support?","Support contact information is available on the 'Contact Us' page."
"Can I integrate MOSDAC data into GIS applications?","Yes, data formats are compatible with standard GIS software."
"How to troubleshoot data download errors?","Check network, login status, and contact support if needed."
"What types of metadata are provided with data products?","Metadata includes acquisition time, sensor details, geographic coverage, and quality flags."
"How often is the MOSDAC portal updated?","Updates occur regularly; announcements are posted on the site."
"Are there training resources available?","Yes, user guides, webinars, and tutorials are provided."
"Can I access MOSDAC on mobile devices?","The portal is mobile-responsive but does not have a dedicated app."
"What is the procedure for account deactivation?","Submit a request to support with account details."
"How do I report bugs on the portal?","Use the feedback form or contact support."
"Can I download sample datasets?","Yes, sample data is available for registered users."
"What security measures protect user data?","Secure login, encrypted connections, and regular audits are implemented."
"Are there usage limits for data downloads?","Yes, limits vary by user type."
"How to reset my password?","Use the 'Forgot Password' link on the login page."
"What file compression formats are used?","ZIP and TAR are commonly used."
"Are user manuals available?","Yes, downloadable from the documentation section."
"What are the popular tools for MOSDAC data analysis?","Python, MATLAB, R, and GIS software."
"Is helpdesk support available?","Support is available during working hours."
"How do I subscribe to data alerts?","Manage subscriptions in your user profile."
"Can I get notifications for new data products?","Yes, via email subscriptions."
"How to provide feedback?","Use the feedback form on the portal."
"Are there limitations for international users?","Some data access may be restricted per policy."
"Is data encrypted during transfer?","Yes, HTTPS and SFTP protocols ensure encryption."
"Can I automate data downloads?","Automation scripts can be used with supported protocols."
"What is the procedure for bulk data requests?","Contact support with detailed requirements."
"How to interpret quality flags?","Refer to product documentation."
"Are video tutorials available?","Yes, on the MOSDAC website and ISRO channels."
"What programming languages support MOSDAC data?","Python, MATLAB, R, and others."
"Is FTP access available?","SFTP is supported for registered users."
"Are there forums for MOSDAC users?","No official forum exists currently."
"What is the data retention policy?","Data is archived as per mission guidelines."
"Are data visualizations provided?","Some products include visualization tools."
"Is there an offline mode?","Downloaded data can be accessed offline."
"What is the data latency?","Varies from near real-time to hours."
"Can I download data in GeoTIFF format?","Available for selected products."
"How to order in-situ data?","Use the 'In-situ data order' section."
"Are weather alerts part of MOSDAC?","Primarily a data archive; alerts may be offered via related services."
"Is there a sandbox for testing?","No sandbox environment is currently available."
"What satellites are covered?","INSAT series, Oceansat, SCATSAT, and others."
"How to get training notifications?","Subscribe to newsletters and check announcements."
"How to update contact information?","Edit profile settings after login."
"Are there usage guidelines?","Yes, detailed in MOSDAC policies."
"Is there a mobile app?","No official app at this time."
"How to request new features?","Submit feedback via the portal."
"Are historical data available?","Yes, archives go back several years."
"What is the frequency of data updates?","Daily to hourly updates depending on satellite."
"Can I download data for specific regions?","Yes, geographic subsetting is supported."
"How to verify downloaded data?","Check provided checksums."
"What are common error messages?","Login failures, permission errors, and data not found."
"How to report data discrepancies?","Contact support with details."
"Are data products classified?","Most data is open; check specific policies."
"How to join beta testing?","Watch announcements for opportunities."
"What is the maximum data download size?","Varies by user and product."
"Is two-factor authentication planned?","No current plans announced."
"Can I share my account?","Account sharing is prohibited."
"Are there user surveys?","Occasionally conducted via email."
"What is the recommended internet speed?","Broadband with 10 Mbps or higher."
"How to troubleshoot login issues?","Reset password or contact support."
"Are APIs available?","Not yet; planned for future releases."
"How to generate reports?","Use downloaded data with external tools."
"Is data available in CSV format?","Selected products are."
"What is Level-1 data?","Raw calibrated satellite data."
"What is Level-2 data?","Derived geophysical parameters."
"What is Level-3 data?","Gridded, processed data."
"What is Level-4 data?","Model assimilated data."
"What licenses govern data use?","Open government licenses generally apply."
"What is the policy for commercial use?","Contact MOSDAC for licensing."
"Are there tutorials for Python users?","Yes, available online."
"Is the portal accessible globally?","Yes, with some data restrictions."
"What is the role of ISRO?","Operator and maintainer of MOSDAC."
"How to cite MOSDAC data?","Use citation provided in product documentation."
"Can I request data for research?","Yes, data is available for research."
"What is the data format for oceanographic data?","NetCDF and other standard formats."
"What is the data update frequency for AWS?","Daily updates."
"Are satellite overpass times available?","Yes, in metadata."
"What is the resolution of SCATSAT-1 data?","Approximately 25 km."
"How to get help with data interpretation?","Contact support or attend training."
"Are there any mobile notifications?","Not currently."
"What are the system requirements?","Modern PC with sufficient storage."
"Is real-time data available?","Near real-time for privileged users."
"What is the typical response time for support?","1-3 business days."
"What is the MOSDAC helpdesk email?","Available on the contact page."
"How can I report unauthorized data use?","Report violations through the support contact on the MOSDAC portal."
"Is user authentication secured?","MOSDAC uses secure login protocols; two-factor authentication is not currently implemented."
"What is the policy on user privacy?","User data privacy is maintained as per government regulations."
"Are there any known system downtimes?","Scheduled downtimes are announced on the MOSDAC website in advance."
"Can I download data using command-line tools?","Yes, tools like wget, curl, and SFTP clients are supported."
"How do I update my registered email?","Contact MOSDAC support with verification details to update your email."
"Can I access MOSDAC from outside India?","Yes, the portal is accessible globally with some restrictions."
"What file compression methods are used?","Commonly ZIP and TAR formats."
"Are there any user manuals for different satellite missions?","Yes, detailed manuals are available on the documentation page."
"Is there a process to upgrade user privileges?","Contact MOSDAC support for information on upgrading privileges."
"What is the difference between privileged and general users?","Privileged users have access to near real-time data and higher quotas; general users have limited access."
"How to place a standing order?","Login, select data product, set standing order for up to one month."
"What is the SFTP server address?","sftp://ftp.mosdac.gov.in"
"Are there any fees for bulk data requests?","Fees may apply; contact support for details."
"Can I download multiple satellite data products in one request?","Yes, add multiple products to the cart before submitting."
"What kind of metadata standards does MOSDAC follow?","ISO 19115 and other geospatial metadata standards."
"How can I get notifications for data anomalies?","Subscribe to alerts in your profile or contact support."
"Is there an archive for discontinued satellite missions?","Available depending on data retention policies."
"How do I cancel a data order?","Contact support immediately to request cancellation."
"Are there any restrictions on academic use?","Data is generally free for academic use with proper citation."
"Can I share downloaded MOSDAC data?","Sharing is subject to ISRO’s licensing terms; account sharing is prohibited."
"Is there a backup policy for data?","Regular backups are maintained to ensure data availability."
"Are tutorials available for data visualization?","Yes, tutorials and sample scripts are provided."
"How can I participate in MOSDAC surveys?","Occasionally, surveys are conducted via email invitations."
"Are there any mobile apps for MOSDAC?","No official app currently; portal is mobile responsive."
"Can I automate data downloads?","Yes, automation is possible with scripts and SFTP."
"What programming languages are recommended for MOSDAC data processing?","Python, MATLAB, R, and IDL are popular choices."
"How do I get help with data format conversion?","Refer to documentation or contact support."
"What is the typical size of satellite data files?","Ranges from a few MBs to several GBs depending on the product."
"How often is the FAQ updated?","Updated regularly to reflect new information."
"Can I access MOSDAC data offline?","Yes, after downloading, data can be used offline."
"What is the procedure to deactivate my account?","Submit a deactivation request to support."
"Are there any usage restrictions for commercial use?","Contact MOSDAC administration for licensing and permissions."
"What is the policy for data citation?","Proper citation as per ISRO/MOSDAC guidelines is required."
"Are there any forums or user groups?","No official forum, but community engagement may be available via external platforms."
"How do I report bugs?","Use the support contact or feedback form."
"Are there tutorials on using Python with MOSDAC data?","Yes, available on the portal and ISRO’s YouTube channel."
"Is API access available?","Not yet; planned for future releases."
"What is the procedure to reset my password?","Use the 'Forgot Password' link on the login page."
"Are there limits on the number of data requests?","Yes, limits vary by user type."
"Is there a newsletter for MOSDAC updates?","Yes, subscribe through the portal."
"What is the MOSDAC portal URL?","https://mosdac.gov.in"
"How do I find satellite overpass times?","Overpass data is included in metadata and documentation."
"Are there training sessions offered by ISRO?","Yes, check the MOSDAC portal for announcements."
"What types of sensors do MOSDAC satellites use?","Radiometers, sounders, scatterometers, imagers, etc."
"How do I subscribe to data release notifications?","Manage subscriptions in your profile settings."
"Are there any data visualization tools integrated?","Basic tools are provided; advanced visualization requires external software."
"Can I download data in GeoTIFF format?","Available for selected datasets."
"How to report data quality issues?","Contact support with detailed information."
"Are there geographic restrictions on data downloads?","Some products have geographic limitations per policy."
"Can I download data products in CSV?","Yes, for selected in-situ data products."
"Is there a recommended internet speed?","At least 10 Mbps broadband recommended."
"How is data quality flagged?","Metadata includes quality flags and validation status."
"Are there sample data products for testing?","Yes, sample datasets are available."
"Is the MOSDAC portal accessible via VPN?","Generally yes, but some data access may be restricted."
"Are there mobile notifications?","Currently, notifications are email-based."
"How to update contact details?","Update via profile settings after login."
"Can I download archived satellite images?","Yes, archives are available for historical data."
"Are there training materials?","User guides, webinars, and tutorials are provided."
"How to interpret MOSDAC data?","Refer to documentation or contact support for guidance."
"Are there any fees to register?","Registration is free."
"Is there a limit on the number of registered users?","No known limit."
"Can I use MOSDAC data for commercial projects?","Contact MOSDAC for licensing information."
"How to access near real-time data?","Privileged users can place standing orders for near real-time access."
"How to download in-situ data?","Order through the 'In-situ data order' section after login."
"Are there geographic data visualizations?","Yes, distribution maps and related visuals are on the portal."
"Can I export data for GIS software?","Yes, data formats are compatible with GIS."
"Is there a data retention period?","Data is retained per mission guidelines, often several years."
"Are there backup copies of data?","Regular backups are maintained."
"How often is the portal maintained?","Maintenance is scheduled with prior notification."
"Can I participate in MOSDAC research collaborations?","Yes, contact MOSDAC research team for opportunities."
"What languages is the MOSDAC portal available in?","Currently, English only."
"Are there restrictions on data redistribution?","Redistribution requires adherence to ISRO policies."
"Is there a demo or sandbox environment?","No official sandbox, but demo data may be available."
"How to subscribe to MOSDAC alerts?","Manage alert preferences in your profile."
"Is there two-factor authentication?","Not currently implemented."
"How do I change my MOSDAC username?","Username changes are generally not permitted."
"Can I share my MOSDAC account credentials?","No, sharing accounts violates terms of use."
"Are there tutorials for beginners?","Yes, introductory tutorials are available."
"Is MOSDAC data used for operational forecasts?","Yes, data supports weather forecasting."
"How do I download data for a specific date range?","Use the catalog filters during order placement."
"Is there a recommended storage capacity?","Depends on data volume; terabytes may be needed for large downloads."
"How to contact MOSDAC for support?","Via support email or contact form on the portal."
"Are there security measures for data transfer?","Yes, HTTPS and SFTP secure data transfers."
"Can I automate data download using scripts?","Yes, scripting with SFTP or HTTP is supported."
"What file formats are used for in-situ data?","CSV, ASCII, NetCDF."
"Can I access MOSDAC data via APIs?","APIs are under development but not currently available."
"Are there any upcoming features planned?","API support, mobile app, and enhanced services are planned."
"How do I update my registered mobile number?","Contact MOSDAC support with verification details to update your mobile number."
"What are the supported browsers for MOSDAC?","MOSDAC supports modern browsers like Chrome, Firefox, Edge, and Safari."
"Can I download data during system maintenance?","Data downloads may be unavailable during scheduled maintenance periods."
"What is the typical response time for support queries?","Support responses generally occur within 1-3 business days."
"Are weather alerts provided by MOSDAC?","MOSDAC primarily archives data; real-time alerts may be available through related ISRO services."
"How do I access historical satellite images?","Historical data is accessible through the catalog and archive sections on the MOSDAC portal."
"What licenses apply to MOSDAC data?","Data is generally under open government licenses; specific licensing details are provided per product."
"Can I participate in MOSDAC beta testing?","Beta testing opportunities may be announced on the portal or via newsletters."
"What is the MOSDAC helpdesk contact?","Contact details are listed on the portal’s support or contact page."
"Are there any restrictions on international users?","Access policies may vary; international users should check MOSDAC terms and conditions."
"What is the maximum size of a data download per request?","Limits vary by user category; large requests may require batch processing or special approval."
"How do I renew my MOSDAC user registration?","Registrations are generally permanent; contact support for any issues or reactivation."
"What is the typical processing time for data orders?","Processing times range from minutes to hours depending on data volume and type."
"Are there any data download limits per day?","Yes, limits depend on user category and are enforced to manage resources."
"Can I get alerts for satellite data anomalies?","Users can subscribe to alerts via their account settings or contact support."
"What data visualization tools are recommended?","Python libraries (matplotlib, seaborn), GIS software (QGIS, ArcGIS), and MATLAB are recommended."
"Can I request custom data processing?","Custom data processing may be available on request; contact support for details."
"How do I check the validity of my MOSDAC account?","Accounts remain valid unless deactivated; check your profile status upon login."
"Can I download sample data before registering?","Some sample and open datasets are accessible without registration."
"What is the recommended internet speed for downloading data?","A broadband connection with at least 10 Mbps is recommended for efficient downloads."
"Are there any data download tutorials on YouTube?","Yes, tutorials and example videos are available on ISRO's YouTube channels."
"Can I use MOSDAC data for disaster response planning?","Yes, MOSDAC data supports disaster monitoring and management activities."
"How do I find metadata for a specific data product?","Metadata is included on the product page within the data catalog."
"Are there user manuals specific to satellite missions?","Yes, detailed user manuals are available on the MOSDAC documentation page."
"How to generate custom reports from MOSDAC data?","Use downloaded data with analysis tools like Python or MATLAB to create custom reports."
"Are data download speeds affected by high traffic?","Performance may degrade during peak usage times."
"Is MOSDAC data integrated with other ISRO portals?","Yes, MOSDAC links with other ISRO data services for comprehensive access."
"What is the procedure to submit a feature request?","Feature requests can be submitted via the feedback or contact forms on the portal."
"How can I participate in MOSDAC user forums or communities?","Currently, MOSDAC does not host official user forums; check for external groups."
"Are there any open-source tools recommended for MOSDAC data?","Python libraries like xarray, GDAL, and netCDF4 are recommended."
"Can I download data products in compressed formats?","Yes, data is often provided in ZIP or TAR compressed formats."
"How do I verify data integrity after download?","Check file checksums provided on the portal against downloaded files."
"Is there a sandbox environment for testing?","No official sandbox exists, but demo data is available for initial testing."
"Are there any plans for a MOSDAC mobile app?","Development of a mobile app is planned but not yet released."
"How to set notification preferences for data availability?","Manage notification settings in your MOSDAC user profile."
"What is the MOSDAC data retention period?","Retention periods vary by satellite mission, typically several years."
"How do I handle large datasets from MOSDAC?","Use high-capacity storage and batch processing methods."
"Is training available on MOSDAC data interpretation?","ISRO offers workshops and webinars; check the portal for schedules."
"Can I download data using FTP clients?","Yes, SFTP clients like FileZilla can be used with your MOSDAC credentials."
"Are there data download limits per file or session?","Limits depend on user type; contact support for exceptions."
"How can I report errors or discrepancies in MOSDAC data?","Report issues through the support contact form with detailed information."
"Is the MOSDAC portal mobile-friendly?","The portal is mobile responsive but does not have a dedicated mobile app."
"What are the common error messages on MOSDAC?","Errors include login failures, verification issues, and data request errors."
"Can I use MOSDAC data for machine learning projects?","Yes, data can be downloaded and preprocessed for ML applications."
"Are there restrictions on redistribution of MOSDAC data?","Redistribution is subject to ISRO licensing and policy terms."
"How do I troubleshoot login issues?","Check credentials, verify your email, clear browser cache, or reset your password."
"Can I access oceanographic data through MOSDAC?","Yes, oceanographic satellite and in-situ data are available."
"Is there a user feedback mechanism?","Feedback can be submitted via forms on the MOSDAC portal."
"Are there tutorials on data visualization available?","Yes, basic and advanced tutorials are provided on the website."
"How do I cite MOSDAC data in research publications?","Use the citation formats provided in the data documentation."
"Can I subscribe to MOSDAC newsletters?","Yes, subscription options are available via the user profile."
"What is the role of ISRO’s Space Applications Centre in MOSDAC?","SAC manages and operates the MOSDAC platform and services."
"Is there two-factor authentication available?","Currently, MOSDAC does not implement two-factor authentication."
"How do I find satellite overpass prediction data?","Overpass timings are available in satellite mission documentation."
"Are there geographic data subsetting options?","Yes, geographic subsetting can be applied during data ordering."
"How frequently is MOSDAC data updated?","Updates depend on satellite passes and product type, ranging from minutes to days."
"Can I download satellite level-2 products?","Yes, level-2 processed products are available after registration and ordering."
"Are there restrictions for international research institutions?","Access policies may vary; institutions should consult MOSDAC terms."
"Is there a contact for research collaborations?","Contact MOSDAC support or research team for collaboration inquiries."
"Are there video tutorials for beginners?","Yes, beginner-friendly videos and webinars are periodically offered."
"Can I use MOSDAC data offline after download?","Yes, downloaded data can be used offline with appropriate software."
"Is there an option to download bulk data?","Bulk downloads are supported via standing orders or batch requests."
"What is the difference between Level-1 and Level-2 data?","Level-1 is calibrated raw data; Level-2 contains processed geophysical parameters."
"How can I track the status of my data request?","Check the 'My Request' tab after logging in to monitor status."
"Can I export MOSDAC data to GIS platforms?","Yes, data formats are compatible with common GIS software."
"Is there a recommended data processing workflow?","MOSDAC documentation and tutorials provide guidance on workflows."
"How do I subscribe to email alerts for new data releases?","Manage subscription settings in your user profile."
"Are there restrictions on academic redistribution?","Academic redistribution requires proper citation and adherence to terms."
"Can I access real-time weather images?","Near real-time images are available to privileged users."
"Is there a process for bulk research data requests?","Contact MOSDAC support for bulk or specialized data requests."
"How do I change my registered contact information?","Update contact details via your profile or contact support."
"Can I get help with data interpretation?","Support and training resources are available to assist users."
"What is the recommended software for MOSDAC data analysis?","Python, MATLAB, R, and GIS software are commonly used."
"Are there any mobile notifications planned?","Mobile notifications are under development."
"Can I download data during system maintenance?","Downloads may be suspended; check announcements for maintenance schedules."
"What is the MOSDAC data backup policy?","Regular backups are maintained to ensure data availability and integrity."
"Can I automate MOSDAC data downloads?","Automation is possible using scripts with SFTP or HTTP protocols."
"Are there tutorials on using Python with MOSDAC data?","Yes, tutorials and example notebooks are available online."
"Can I get satellite wind vector data from MOSDAC?","Yes, scatterometer and other wind vector data are available after registration."
"What file formats are available for in-situ data?","Common formats include CSV, ASCII, and NetCDF."
"How do I request technical support?","Submit tickets via the support portal or email."
"Can I visualize MOSDAC data directly on the portal?","Basic visualization tools are provided on the portal."
"Is there a REST API available?","A public REST API is under development and not currently available."
"What is the difference between Level-3 and Level-4 data products?","Level-3 is gridded, processed data; Level-4 includes model assimilated or derived products."
"How large are typical MOSDAC datasets?","Dataset sizes range from a few MBs to several GBs depending on the product."
"Can I download data for multiple satellites in one order?","Yes, you can add multiple satellite products to your cart before checkout."
"How can I get permission for commercial use of MOSDAC data?","Contact MOSDAC administration for licensing and permissions."
"What are the supported operating systems for data processing tools?","Windows, Linux, and macOS are supported."
"How do I interpret quality flags in datasets?","Refer to dataset documentation for flag definitions."
"Are there video tutorials available for data analysis?","Yes, videos are available on MOSDAC website and ISRO YouTube channel."
"Can I download data using command-line tools?","Yes, tools like wget and curl support data downloads."
"What is the recommended citation format?","Use the citation format provided in the MOSDAC data documentation."
"How do I change my MOSDAC username?","Username changes are generally not allowed; contact support for exceptions."
"Are there restrictions on data sharing with third parties?","Sharing is subject to ISRO/MOSDAC licensing terms."
"What geographic areas does MOSDAC cover?","Primarily India and surrounding oceanic regions."
"Can I download satellite data in GeoTIFF format?","Some products are available in GeoTIFF; check product specifications."
"What is the frequency of AWS data updates?","AWS data is updated daily and archived from January 2008 onwards."
"Is there a policy for data privacy?","User data privacy is maintained per government regulations."
"What is the procedure for account deactivation?","Request account deactivation through MOSDAC support."
"Are there tutorials on applying filters in data search?","Yes, tutorials cover using filters on the catalog interface."
"Can I subscribe to data feeds?","Subscription options are available via user accounts."
"Are there restrictions on large-volume data downloads?","Limits exist; contact support for high volume requests."
"Can I participate in MOSDAC user surveys?","Surveys are occasionally sent via email invitations."
"Is there a newsletter for MOSDAC updates?","Yes, users can subscribe via the MOSDAC portal."
"Are there mobile apps planned?","Mobile apps are planned but not yet released."
"What training courses does ISRO offer related to MOSDAC?","ISRO offers specialized courses; check their training calendar."
"How do I submit a bug report?","Submit via support contact forms or email."
"Are data downloads encrypted?","Yes, HTTPS and SFTP protocols ensure encryption."
"Are there any limits on academic use?","Academic use is generally unrestricted with proper citation."
"Is there an archive for discontinued satellite missions?","Archives exist depending on mission data availability."
"What are the supported data access protocols?","HTTP, HTTPS, and SFTP are supported."
"Can I export data to GIS platforms?","Yes, MOSDAC data is compatible with common GIS tools."
"Are there data visualization tutorials on YouTube?","Yes, tutorials are available on ISRO and MOSDAC channels."
"How can I subscribe to email alerts?","Manage subscriptions via your user profile."
"Are there mobile notifications available?","Currently email-based notifications only."
"Can I download data offline?","Yes, downloaded data can be used offline."
"Are there restrictions for international users?","Access policies may vary; check MOSDAC terms."
"Is two-factor authentication available?","Not currently implemented."
"How to get satellite overpass prediction?","Available in satellite mission documentation."
"Can I order in-situ data?","Yes, registered users can order in-situ data via the portal."
"What are the main applications of MOSDAC data?","Weather forecasting, climate research, ocean studies, and disaster management."
"How do I track my data request status?","Use the 'My Request' tab after login."
"Can I download bulk data?","Yes, via standing orders or batch requests."
"Is there a user manual for MOSDAC?","User manuals are available for download on the portal."
"How do I reset my password?","Use the 'Forgot Password' link on the login page."
"What file compression formats are used?","ZIP and TAR are commonly used."
"What programming languages are best for MOSDAC data?","Python, MATLAB, R, and IDL."
"Is there a forum or community for MOSDAC users?","Currently no official forum; check for external groups."
"Are there restrictions on data redistribution?","Redistribution is subject to licensing terms."
"What is the update frequency for INSAT-3D products?","Updated every 15 minutes for meteorological products."
"How do I cancel a data order?","Contact MOSDAC support immediately to request cancellation."
"Are there user manuals specific to satellite missions?","Yes, detailed manuals are available."
"Is MOSDAC data used in operational weather forecasts?","Yes, MOSDAC data supports national forecasting."
"How do I provide feedback on MOSDAC services?","Use feedback forms or contact emails on the portal."
"Can I get training on using MOSDAC data?","ISRO conducts periodic training sessions."
"Are there any sample datasets available?","Yes, some sample data is available without registration."
"How do I change my registered email address?","Contact support to update your email."
"What is the MOSDAC portal URL?","https://mosdac.gov.in"
"Are there any upcoming features planned?","New features include enhanced APIs and mobile support."
"Can I collaborate with MOSDAC for research?","Yes, contact the research team for collaboration."
"Is user support available 24/7?","Support is typically during working hours."
"How do I resolve 'Invalid username or password' errors?","Wait for lockout period or reset password."
"Are there restrictions on international users?","Check MOSDAC policies for access restrictions."
"How large are MOSDAC datasets?","Sizes range from MBs to several GBs."
"What is the difference between satellite and in-situ data?","Satellite data is remote-sensed; in-situ is ground or ocean collected."
"How do I report unauthorized data use?","Report violations to MOSDAC support."
"Can I share my MOSDAC account credentials?","Account sharing is prohibited."
"What are the common error messages?","Login failures, verification issues, and request errors."
"Is MOSDAC mobile responsive?","Yes, but no dedicated app currently."
"How do I troubleshoot download failures?","Check credentials, connection, and contact support."
"Are there limits on the number of data requests?","Yes, limits vary by user category."
"Can I integrate MOSDAC data into my applications?","Yes, via downloads; API support is limited."
"Are weather alerts provided by MOSDAC?","Limited; related ISRO services provide alerts."
"How often is the FAQ updated?","With new features or user queries."
"Is there a sandbox environment?","No, but demo data is available."
"What training materials are available?","User guides, FAQs, and video tutorials."
"What is the data access policy?","Governed by ISRO’s data sharing policies."
"How do I find metadata for oceanographic data?","Metadata is included with datasets."
"Are there any open-source tools recommended?","Yes, including Python libraries xarray and GDAL."
"How do I apply filters in data search?","Filters are available in catalog search interface."
"Are there any data download tutorials?","Yes, on ISRO and MOSDAC YouTube channels."
"How to get started with MOSDAC data?","Start with tutorials and sample datasets."
"What programming languages are compatible?","Python, R, MATLAB, and IDL."
"Can I automate data downloads?","Yes, using scripts with SFTP/HTTP."
"What security measures protect my account?","Secure login protocols and encrypted data transfers."
"What is the procedure for account deactivation?","Submit request with valid reasons to support."
"What is the role of ISRO in MOSDAC?","ISRO develops, operates, and maintains MOSDAC."
"Are there tutorials for beginners?","Yes, including webinars and guides."
"How do I check my account approval status?","Login and check dashboard notifications."
"Can I get alerts for satellite anomalies?","Subscribe via user settings."
"What are the data download limits?","Depends on user type; privileged users have higher limits."
"How do I update my contact details?","Update profile settings after login."
"Are there any user manuals?","Yes, manuals are downloadable on the portal."
"What tools are recommended for visualization?","Python libraries, GIS software, and MATLAB."
"Is there a recommended internet speed?","At least 10 Mbps broadband is recommended."
"How do I report bugs?","Use support forms or email."
"Are data downloads encrypted?","Yes, via HTTPS and SFTP."
"Is there two-factor authentication?","Currently not implemented."
"Can I download data for machine learning?","Yes, after preprocessing."
"Are there any user forums?","No official forums; check external groups."
"How do I subscribe to newsletters?","Via user profile on the portal."
"What is the MOSDAC helpdesk contact?","Listed on the support page of the portal."
"Can I download satellite data for multiple satellites at once?","Yes, add products to your cart before checkout."
"How do I cancel a data order?","Contact support ASAP."
"Is there a mobile app for MOSDAC?","Not yet available."
"Can I get training on MOSDAC data?","ISRO offers periodic training."
"Are historical data archives available?","Yes, depending on the satellite mission."
"How do I reset my password?","Use 'Forgot Password' on login page."
"Can I download data offline?","Yes, after download."
"Are there file size limits?","Limits vary by user type."
"Is there a sandbox or demo environment?","Demo data available; no sandbox."
"What are the main applications of MOSDAC data?","Weather, oceanography, climate research, disaster management."
